DATE,CODE INSEE,REGION,PRODUCTION,POMPAGE,ECHANGE,CONSOMMATION
2019-01,53,Bretagne,420398,5489,-2149254,2564163
2019-01,84,Auvergne-Rhône-Alpes,12002408,313392,4078380,7610637
2019-01,94,Corse,168156,,-90520,258676
2019-02,11,Ile-de-France,422408,,-6214630,6637038
2019-02,24,Centre-Val de Loire,7991720,,6173372,1818348
2019-02,28,Normandie,5124362,,2512338,2612024
2019-02,32,Hauts-de-France,5274607,,725174,4549433
2019-02,52,Pays de la Loire,563414,,-2003610,2567024
2019-02,75,Nouvelle-Aquitaine,5370476,,1350245,4020231
2019-02,76,Occitanie,2734504,131834,-1021526,3624196
2019-03,28,Normandie,5983988,,3385943,2598046
2019-03,53,Bretagne,539276,4031,-1576933,2112177
2019-03,84,Auvergne-Rhône-Alpes,10417085,367559,3990349,6059178
2019-04,24,Centre-Val de Loire,6822822,,5339893,1482929
2019-04,53,Bretagne,242077,4661,-1614584,1852000
2019-04,94,Corse,145679,,-41108,186787
2019-05,24,Centre-Val de Loire,6629208,,5260176,1369032
2019-05,53,Bretagne,219301,5803,-1417882,1631380
2019-06,32,Hauts-de-France,2900802,,-611820,3512622
2019-06,76,Occitanie,2658294,194869,-75947,2539372
2019-06,84,Auvergne-Rhône-Alpes,9845687,295192,4927936,4622559
2019-07,11,Ile-de-France,153377,,-4599742,4753119
2019-07,24,Centre-Val de Loire,5413821,,4060891,1352930
2019-07,94,Corse,145030,,-60195,205225
2019-08,27,Bourgogne-Franche-Comté,200529,2657,-1113755,1311627
2019-08,52,Pays de la Loire,395590,,-1341015,1736604
2019-08,84,Auvergne-Rhône-Alpes,9061802,274210,4427956,4359635
2019-09,53,Bretagne,280369,5422,-1206439,1481386
2019-09,76,Occitanie,2526425,111882,-177536,2592079
2019-09,84,Auvergne-Rhône-Alpes,8452236,330439,3590242,4531555
2019-10,11,Ile-de-France,192673,,-5356579,5549252
2019-10,76,Occitanie,1984112,43307,-742719,2683525
2019-11,27,Bourgogne-Franche-Comté,426766,3248,-1513456,1936973
2019-11,28,Normandie,3273029,,643849,2629180
2019-11,75,Nouvelle-Aquitaine,5175742,,1019673,4156070
2019-11,76,Occitanie,2719739,151640,-941559,3509659
2019-12,44,Grand-Est,11411287,92584,6839343,4479360
2019-12,52,Pays de la Loire,744476,,-2072450,2816926
2014-01,76,Occitanie,3517535,212978,-526755,3831312
2014-01,94,Corse,149048,,-93695,242743
2014-02,24,Centre-Val de Loire,7353234,,5516163,1837071
2014-02,52,Pays de la Loire,366855,,-2251706,2618561
2014-03,28,Normandie,5183245,,2651041,2532204
2014-03,53,Bretagne,264676,3759,-1823457,2084374
2014-04,32,Hauts-de-France,2436458,,-1589423,4025881
2014-04,94,Corse,129598,,-27273,156871
2014-05,32,Hauts-de-France,2940006,,-1015385,3955391
2014-05,52,Pays de la Loire,338848,,-1581262,1920110
2014-05,76,Occitanie,2500203,236422,-263079,2526860
2014-06,24,Centre-Val de Loire,6035382,,4800869,1234513
2014-06,28,Normandie,6237021,,4392931,1844090
2014-06,44,Grand-Est,7289264,93119,3920146,3275999
2014-06,93,Provence-Alpes-Côte d'Azur,1042258,7948,-1866967,2901277
2014-07,27,Bourgogne-Franche-Comté,152717,169,-1346878,1499426
2014-07,32,Hauts-de-France,2837100,,-903597,3740697
2014-07,44,Grand-Est,8924945,112906,5465870,3346169
2014-07,75,Nouvelle-Aquitaine,3973700,,850091,3123609
2014-09,27,Bourgogne-Franche-Comté,135906,155,-1344829,1480580
2014-09,84,Auvergne-Rhône-Alpes,9236418,311051,4209168,4716199
2014-10,44,Grand-Est,8992862,109027,5142097,3741738
2014-11,27,Bourgogne-Franche-Comté,196873,237,-1611144,1807780
2014-11,44,Grand-Est,10023394,87083,5925110,4011201
2014-11,52,Pays de la Loire,657957,,-1620211,2278168
2014-12,24,Centre-Val de Loire,8745438,,6635798,2109640
2014-12,32,Hauts-de-France,4885620,,-266226,5151846
2015-01,44,Grand-Est,11030994,114483,6145961,4770550
2015-01,76,Occitanie,3322990,194763,-1091043,4219270
2015-02,28,Normandie,6472963,,3648301,2824662
2015-02,32,Hauts-de-France,4933153,,-43117,4976270
2015-02,94,Corse,148587,,-79701,228288
2015-03,28,Normandie,7003699,,4290574,2713125
2015-03,84,Auvergne-Rhône-Alpes,11430607,356702,4747008,6326897
2015-04,24,Centre-Val de Loire,6245721,,4807229,1438492
2015-04,52,Pays de la Loire,227114,,-1847604,2074718
2015-04,76,Occitanie,3165502,17274,461870,2686358
2015-05,11,Ile-de-France,96057,,-5059107,5155164
2015-05,44,Grand-Est,8188062,123992,4706358,3357712
2015-05,52,Pays de la Loire,175935,,-1696780,1872715
2015-05,75,Nouvelle-Aquitaine,2872493,,-87420,2959913
2015-05,93,Provence-Alpes-Côte d'Azur,1193104,1,-1642995,2836098
2015-06,94,Corse,104732,,-48702,153434
2015-07,44,Grand-Est,9832187,108743,6421070,3302374
2015-07,52,Pays de la Loire,166845,,-1729246,1896091
2015-07,75,Nouvelle-Aquitaine,2927424,,-350752,3278176
2015-07,94,Corse,149517,,-52205,201722
2015-08,11,Ile-de-France,110445,,-4326824,4437269
2015-09,84,Auvergne-Rhône-Alpes,8018418,247432,2973610,4797376
2015-09,94,Corse,111229,,-44117,155346
2015-11,11,Ile-de-France,464453,,-5787980,6252433
2015-12,24,Centre-Val de Loire,8196875,,6395368,1801507
2015-12,94,Corse,130257,,-85450,215707
2016-01,27,Bourgogne-Franche-Comté,330384,1413,-1905944,2234914
2016-01,44,Grand-Est,11304565,115852,6447585,4741128
2016-01,11,Ile-de-France,478801,,-7319843,7798645
2016-02,84,Auvergne-Rhône-Alpes,11716711,349745,4884931,6482035
2016-02,28,Normandie,6271410,,3506814,2764596
2016-02,52,Pays de la Loire,683953,,-1997591,2681544
2016-03,27,Bourgogne-Franche-Comté,326525,1701,-1791430,2116253
2016-03,53,Bretagne,398552,4425,-1902477,2296605
2016-03,24,Centre-Val de Loire,7852784,,5946519,1906265
2016-04,11,Ile-de-France,130923,,-5819338,5950260
2016-04,28,Normandie,4759797,,2322534,2437263
2016-04,93,Provence-Alpes-Côte d'Azur,1749922,4,-1341891,3091809
2016-05,27,Bourgogne-Franche-Comté,238171,213,-1360554,1598512
2016-05,24,Centre-Val de Loire,5971652,,4655182,1316470
2016-05,94,Corse,113163,,-41423,154586
2016-05,44,Grand-Est,8016797,99370,4439213,3478214
2016-05,75,Nouvelle-Aquitaine,4132107,,1041009,3091098
2016-05,52,Pays de la Loire,172134,,-1768588,1940721
2016-06,84,Auvergne-Rhône-Alpes,8617772,266777,3676567,4674428
2016-06,27,Bourgogne-Franche-Comté,225354,235,-1271035,1496154
2016-06,53,Bretagne,151365,4681,-1311426,1458110
2016-06,75,Nouvelle-Aquitaine,4242816,,1327851,2914966
2016-07,84,Auvergne-Rhône-Alpes,8179385,231536,3131978,4815871
2016-07,32,Hauts-de-France,3308840,,-280690,3589530
2016-07,75,Nouvelle-Aquitaine,4031815,,844194,3187621
2016-08,93,Provence-Alpes-Côte d'Azur,1097661,1,-1982346,3080006
2016-09,84,Auvergne-Rhône-Alpes,6754552,315449,1729539,4709564
2016-09,24,Centre-Val de Loire,4970118,,3744820,1225298
2016-09,28,Normandie,4028307,,2097061,1931246
2016-09,76,Occitanie,2583188,67308,-107484,2623364
2016-10,94,Corse,98995,,-54263,153257
2016-10,11,Ile-de-France,270192,,-5608576,5878768
2016-11,84,Auvergne-Rhône-Alpes,7666988,351767,1226768,6088453
2016-11,27,Bourgogne-Franche-Comté,267117,877,-1777311,2043551
2016-11,44,Grand-Est,9969541,97112,5520387,4352042
2016-11,76,Occitanie,2857371,125590,-603308,3335089
2016-11,93,Provence-Alpes-Côte d'Azur,2156019,34,-1454417,3610402
2016-12,27,Bourgogne-Franche-Comté,246511,4088,-2090917,2333340
2016-12,24,Centre-Val de Loire,8432382,,6338969,2093413
2016-12,28,Normandie,7360228,,4347861,3012367
2017-01,28,Normandie,7275870,,3967557,3308313
2017-01,76,Occitanie,3491889,169565,-1439861,4762185
2017-02,24,Centre-Val de Loire,7965943,,6184429,1781514
2017-03,28,Normandie,5145775,,2600263,2545512
2017-04,24,Centre-Val de Loire,7985578,,6512415,1473162
2017-04,75,Nouvelle-Aquitaine,4913990,,1609001,3304989
2017-04,76,Occitanie,2789875,206365,-135546,2719056
2017-04,52,Pays de la Loire,726940,,-1377217,2104157
2017-05,11,Ile-de-France,125206,,-5085977,5211183
2017-06,53,Bretagne,202295,5217,-1237911,1434989
2017-06,32,Hauts-de-France,3293084,,-336203,3629287
2017-07,76,Occitanie,1973948,194102,-957260,2737106
2017-08,76,Occitanie,1913520,164896,-1009207,2757831
2017-08,93,Provence-Alpes-Côte d'Azur,1133822,4066,-2056999,3186756
2017-09,94,Corse,111442,,-44327,155769
2017-09,44,Grand-Est,7376052,81599,3866582,3427871
2017-09,11,Ile-de-France,141679,,-4760952,4902631
2017-09,75,Nouvelle-Aquitaine,4110969,,1107841,3003127
2017-10,32,Hauts-de-France,4082038,,-23963,4106000
2017-10,28,Normandie,4198537,,2017309,2181229
2017-10,93,Provence-Alpes-Côte d'Azur,1761444,7211,-1188248,2942481
2017-11,44,Grand-Est,8932035,81446,4516205,4334385
2017-11,93,Provence-Alpes-Côte d'Azur,2222678,3273,-1454214,3673619
2017-12,11,Ile-de-France,554251,,-7118589,7672839
2018-12,11,Ile-de-France,487069.285,0,-6761854.642,7248923.927
2018-12,28,Normandie,5064346.155,0,2251693.63,2812652.525
2018-12,52,Pays de la Loire,610003.409,0,-2127803.449,2737806.858
2018-12,93,Provence-Alpes-Côte d'Azur,1747004.023,3197.108,-2340273.931,4084080.846
2018-01,24,Centre-Val de Loire,7839441.815,0,5869475.586,1969966.229
2018-02,75,Nouvelle-Aquitaine,5514997.202,0,787245.904,4727751.298
2018-03,27,Bourgogne-Franche-Comté,421033.416,3043.514,-1765172.604,2183162.506
2018-03,53,Bretagne,486022.52,2390.843,-1928132.713,2411764.39
2018-03,76,Occitanie,4107535.647,187341.569,60763.006,3859431.072
2018-04,53,Bretagne,239067.883,3986.578,-1522531.398,1757612.703
2018-04,24,Centre-Val de Loire,6422737.73,0,5038695.414,1384042.316
2018-05,94,Corse,141906.307,0,-17396.678,159302.985
2018-05,32,Hauts-de-France,3243793.54,0,-439573.937,3683367.477
2018-05,76,Occitanie,3217095.814,211566.132,300229.398,2705300.284
2018-05,93,Provence-Alpes-Côte d'Azur,1624128.886,2274.495,-1247277.381,2869131.772
2018-06,11,Ile-de-France,128034.217,0,-4638178.782,4766212.999
2018-07,84,Auvergne-Rhône-Alpes,8874621.412,221027.204,3659766.742,4993827.466
2018-07,28,Normandie,5543072.758,0,3629132.016,1913940.742
2018-08,53,Bretagne,175408.536,5467.689,-1296742.959,1466683.806
2018-08,24,Centre-Val de Loire,6216431.716,0,4958291.607,1258140.109
2018-08,76,Occitanie,1811550.569,193698.811,-1222556.543,2840408.301
2018-08,93,Provence-Alpes-Côte d'Azur,1052616.197,41.44,-2070161.222,3122735.979
2018-09,11,Ile-de-France,120698.169,0,-4573810.302,4694508.471
2018-09,76,Occitanie,2537824.701,175591.13,-229748.648,2591982.219
2018-09,52,Pays de la Loire,408350.398,0,-1401956.882,1810307.28
2018-10,24,Centre-Val de Loire,5484346.421,0,4069472.036,1414874.385
2018-11,44,Grand-Est,10755123.73,47666.725,6487450.454,4220006.552
2018-11,32,Hauts-de-France,5123610.56,0,403083.8,4720526.76
2018-11,28,Normandie,4891311.796,0,2259182.173,2632129.623
2018-11,75,Nouvelle-Aquitaine,5275098.132,0,1250364.223,4024733.909
2014-01,11,Ile-de-France,455864,,-7156633,7612497
2014-01,93,Provence-Alpes-Côte d'Azur,1389407,5841,-2931415,4314981
2014-02,27,Bourgogne-Franche-Comté,238451,249,-1702372,1940574
2014-02,76,Occitanie,3670159,197476,5655,3467028
2014-03,11,Ile-de-France,406682,,-6102700,6509382
2014-03,75,Nouvelle-Aquitaine,5161682,,1168670,3993012
2014-03,76,Occitanie,3984405,186605,491205,3306595
2014-04,28,Normandie,5738821,,3569549,2169272
2014-04,44,Grand-Est,6509532,97896,2888533,3523103
2014-05,27,Bourgogne-Franche-Comté,138353,97,-1427473,1565729
2014-06,11,Ile-de-France,149171,,-4666061,4815232
2014-06,84,Auvergne-Rhône-Alpes,8705873,283238,3801077,4621558
2014-06,94,Corse,97657,,-50172,147829
2014-07,11,Ile-de-France,126150,,-4763016,4889166
2014-07,28,Normandie,6817216,,4916422,1900794
2014-07,52,Pays de la Loire,267275,,-1627516,1894791
2014-07,84,Auvergne-Rhône-Alpes,9473051,343954,4305144,4823953
2014-08,24,Centre-Val de Loire,5330657,,4160307,1170350
2014-09,28,Normandie,5686757,,3787456,1899301
2014-09,32,Hauts-de-France,2951652,,-831573,3783225
2014-09,52,Pays de la Loire,419359,,-1386937,1806296
2014-10,75,Nouvelle-Aquitaine,3333617,,183088,3150529
2014-10,84,Auvergne-Rhône-Alpes,9205664,364224,3755793,5085647
2014-11,28,Normandie,6253015,,3817160,2435855
2014-11,53,Bretagne,267772,4738,-1635965,1898999
2014-11,76,Occitanie,1845322,215376,-1310686,2940632
2014-11,84,Auvergne-Rhône-Alpes,9949854,396198,3909768,5643888
2014-12,84,Auvergne-Rhône-Alpes,10687025,324379,3657612,6705034
2014-12,93,Provence-Alpes-Côte d'Azur,1944834,2665,-2249348,4191517
2015-02,84,Auvergne-Rhône-Alpes,11739244,241496,4814387,6683361
2015-03,27,Bourgogne-Franche-Comté,287906,252,-1520922,1808576
2015-03,94,Corse,152678,,-60331,213009
2015-04,27,Bourgogne-Franche-Comté,203005,521,-1467697,1670181
2015-04,75,Nouvelle-Aquitaine,3988105,,709429,3278676
2015-04,93,Provence-Alpes-Côte d'Azur,1144597,483,-1952259,3096373
2015-04,94,Corse,130809,,-31933,162742
2015-05,84,Auvergne-Rhône-Alpes,10145273,383616,4922486,4839171
2015-05,94,Corse,100490,,-41035,141525
2015-06,75,Nouvelle-Aquitaine,2631926,,-338672,2970598
2015-06,84,Auvergne-Rhône-Alpes,10056757,316681,4891684,4848392
2015-07,11,Ile-de-France,105471,,-4798074,4903545
2015-07,27,Bourgogne-Franche-Comté,125507,1731,-1410722,1534498
2015-07,93,Provence-Alpes-Côte d'Azur,1106762,1,-2288961,3395722
2015-08,44,Grand-Est,8890402,105612,5791661,2993129
2015-08,52,Pays de la Loire,244738,,-1491991,1736729
2015-08,76,Occitanie,1665420,172948,-1029583,2522055
2015-09,27,Bourgogne-Franche-Comté,165162,3657,-1368986,1530491
2015-09,44,Grand-Est,7858023,83453,4413417,3361153
2015-09,93,Provence-Alpes-Côte d'Azur,1160928,22,-1768617,2929523
2015-10,11,Ile-de-France,135120,,-5906811,6041931
2015-10,24,Centre-Val de Loire,5850661,,4310569,1540092
2015-10,28,Normandie,5902580,,3612442,2290138
2015-10,32,Hauts-de-France,4014934,,-348478,4363412
2015-10,75,Nouvelle-Aquitaine,4848995,,1339867,3509128
2015-10,94,Corse,102626,,-48081,150707
2015-11,24,Centre-Val de Loire,6089963,,4482598,1607365
2015-11,27,Bourgogne-Franche-Comté,231325,3483,-1662184,1890026
2015-11,28,Normandie,6061817,,3686331,2375486
2015-11,75,Nouvelle-Aquitaine,5034165,,1375943,3658222
2015-11,84,Auvergne-Rhône-Alpes,9258427,288144,3141281,5829002
2015-12,11,Ile-de-France,450906,,-6327825,6778731
2015-12,27,Bourgogne-Franche-Comté,253648,1115,-1796266,2048799
2015-12,28,Normandie,6502296,,3963180,2539116
2015-12,52,Pays de la Loire,573457,,-1962989,2536446
2015-12,53,Bretagne,428500,4882,-1617739,2041357
2015-12,93,Provence-Alpes-Côte d'Azur,1376257,1,-2609434,3985690
2016-01,28,Normandie,6117802,,3149542,2968260
2016-01,93,Provence-Alpes-Côte d'Azur,1412617,0,-2908346,4320962
2016-02,24,Centre-Val de Loire,8209460,,6299565,1909895
2016-02,44,Grand-Est,9739149,99841,5253386,4385923
2016-02,32,Hauts-de-France,4273973,,-578987,4852960
2016-02,11,Ile-de-France,452313,,-6673394,7125707
2016-02,76,Occitanie,3391792,156892,-386856,3621756
2016-03,28,Normandie,6399829,,3562440,2837390
2016-03,76,Occitanie,3711159,146648,-110121,3674633
2016-04,84,Auvergne-Rhône-Alpes,9636147,304366,3900029,5431751
2016-04,75,Nouvelle-Aquitaine,3920069,,338662,3581407
2016-04,52,Pays de la Loire,418672,,-1922471,2341142
2016-05,84,Auvergne-Rhône-Alpes,9792862,306843,4511908,4974111
2016-05,32,Hauts-de-France,3172942,,-629289,3802231
2016-05,93,Provence-Alpes-Côte d'Azur,1419437,123,-1500135,2919450
2016-06,24,Centre-Val de Loire,5550384,,4342677,1207706
2016-07,44,Grand-Est,8262764,101157,4893836,3267771
2016-07,28,Normandie,4964972,,3029107,1935865
2016-07,76,Occitanie,2878598,139037,-18002,2757563
2016-08,84,Auvergne-Rhône-Alpes,6788743,263932,2089442,4435370
2016-08,53,Bretagne,191598,5106,-1253218,1439711
2016-08,94,Corse,137413,,-50834,188246
2016-08,44,Grand-Est,7725514,100539,4582252,3042724
2016-09,75,Nouvelle-Aquitaine,3248992,,275593,2973399
2016-09,52,Pays de la Loire,320956,,-1512897,1833852
2016-09,93,Provence-Alpes-Côte d'Azur,1748157,1,-1222994,2971150
2016-10,32,Hauts-de-France,3159209,,-1076767,4235977
2016-10,76,Occitanie,2725926,98050,-200813,2828689
2016-10,93,Provence-Alpes-Côte d'Azur,2086719,7,-1062229,3148941
2016-11,11,Ile-de-France,638606,,-6227547,6866153
2016-11,28,Normandie,5750957,,3098666,2652291
2016-11,75,Nouvelle-Aquitaine,4290992,,302424,3988568
2017-01,24,Centre-Val de Loire,8841611,,6464800,2376811
2017-01,32,Hauts-de-France,4918766,,-777215,5695981
2017-01,11,Ile-de-France,944762,,-7949894,8894656
2017-02,84,Auvergne-Rhône-Alpes,9723821,332412,3304776,6086633
2017-03,84,Auvergne-Rhône-Alpes,11154637,365258,4819887,5969492
2017-03,27,Bourgogne-Franche-Comté,330070,2415,-1604078,1931732
2017-03,53,Bretagne,421467,3451,-1633034,2051051
2017-03,24,Centre-Val de Loire,8668127,,6943946,1724181
2017-03,44,Grand-Est,8133755,64597,3945287,4123871
2017-03,32,Hauts-de-France,4547238,,-16980,4564218
2017-03,75,Nouvelle-Aquitaine,5253061,,1352067,3900994
2017-03,93,Provence-Alpes-Côte d'Azur,1887609,6264,-1594898,3476243
2017-04,32,Hauts-de-France,3326193,,-697637,4023830
2017-05,27,Bourgogne-Franche-Comté,198568,6427,-1440808,1632949
2017-05,94,Corse,102827,,-50690,153517
2017-05,44,Grand-Est,8201315,61690,4659199,3480425
2017-05,32,Hauts-de-France,3528544,,-347706,3876250
2017-05,75,Nouvelle-Aquitaine,4633706,,1548219,3085488
2017-06,84,Auvergne-Rhône-Alpes,8083735,303437,3001312,4778986
2017-06,27,Bourgogne-Franche-Comté,172562,5573,-1344667,1511656
2017-06,28,Normandie,3654840,,1764754,1890086
2017-06,52,Pays de la Loire,327731,,-1524265,1851996
2017-07,93,Provence-Alpes-Côte d'Azur,1504815,4541,-1709789,3210063
2017-08,28,Normandie,4300990,,2469851,1831139
2017-08,52,Pays de la Loire,237912,,-1533263,1771175
2017-09,24,Centre-Val de Loire,4608204,,3370871,1237333
2017-09,32,Hauts-de-France,4203602,,427654,3775949
2017-09,76,Occitanie,1854557,95158,-801322,2560721
2017-09,52,Pays de la Loire,493605,,-1374408,1868013
2017-09,93,Provence-Alpes-Côte d'Azur,1319696,5084,-1565915,2880527
2017-10,53,Bretagne,202793,4582,-1490173,1688384
2017-11,32,Hauts-de-France,4721849,,-26923,4748772
2017-11,28,Normandie,5725514,,3123109,2602405
2017-12,24,Centre-Val de Loire,7317116,,5226103,2091013
2017-12,44,Grand-Est,10562047,82957,5824576,4654514
2017-12,75,Nouvelle-Aquitaine,5786272,,953711,4832561
2017-12,76,Occitanie,3244040,217103,-1445420,4472357
2017-12,93,Provence-Alpes-Côte d'Azur,1844872,4910,-2744902,4584864
2018-12,84,Auvergne-Rhône-Alpes,11306305,399280.348,4235371.304,6671653.343
2018-12,53,Bretagne,466166.877,5654.101,-1823495.896,2284008.672
2018-12,76,Occitanie,3148240.598,204610.127,-907856.742,3851487.213
2018-01,44,Grand-Est,10388862.56,100821.364,5789365.163,4498676.033
2018-01,93,Provence-Alpes-Côte d'Azur,1400315.82,8338.561,-2622207.245,4014184.504
2018-03,84,Auvergne-Rhône-Alpes,10569866.64,351540.345,3480403.622,6737922.676
2018-03,32,Hauts-de-France,5106449.277,0,150227.594,4956221.683
2018-03,52,Pays de la Loire,950397.712,0,-1886631.992,2837029.704
2018-04,44,Grand-Est,7596806.346,69707.038,4003636.708,3523462.6
2018-05,27,Bourgogne-Franche-Comté,187086.406,5667.224,-1366483.166,1547902.348
2018-06,94,Corse,113932.781,0,-40437.627,154370.408
2018-06,44,Grand-Est,8194236.12,62989.157,4821002.67,3310244.293
2018-06,28,Normandie,4671226.399,0,2828491.083,1842735.316
2018-06,76,Occitanie,2693651.44,195432.437,-46298.084,2544517.087
2018-07,32,Hauts-de-France,3663153.209,0,42089.536,3621063.673
2018-07,76,Occitanie,2384070.048,163002.898,-688148.614,2909215.764
2018-07,52,Pays de la Loire,700833.076,0,-1217463.5,1918296.576
2018-07,93,Provence-Alpes-Côte d'Azur,1250128.508,209.408,-1941344.012,3191263.112
2018-08,27,Bourgogne-Franche-Comté,165236.483,1338.598,-1240921.252,1404819.137
2018-08,28,Normandie,5760764.294,0,3939757.582,1821006.712
2018-09,94,Corse,111276.136,0,-48870.949,160147.085
2018-09,93,Provence-Alpes-Côte d'Azur,1059923.534,33.285,-1721328.169,2781218.418
2018-10,93,Provence-Alpes-Côte d'Azur,1535528.757,0.045,-1303396.252,2838924.964
2018-11,11,Ile-de-France,479657.821,0,-6278789.944,6758447.765
2019-01,11,Ile-de-France,525126,,-7568803,8093929
2019-01,24,Centre-Val de Loire,8019544,,5768725,2250819
2019-01,32,Hauts-de-France,6313001,,929306,5383695
2019-03,11,Ile-de-France,444892,,-6026953,6471844
2019-03,27,Bourgogne-Franche-Comté,513341,5824,-1480245,1987762
2019-03,75,Nouvelle-Aquitaine,5394607,,1494183,3900424
2019-03,93,Provence-Alpes-Côte d'Azur,1404832,8866,-2070627,3466594
2019-04,76,Occitanie,3170316,42513,80464,3047340
2019-05,32,Hauts-de-France,3508734,,-377475,3886208
2019-05,76,Occitanie,3320829,202917,408922,2708990
2019-05,94,Corse,127566,,-46574,174140
2019-06,52,Pays de la Loire,307194,,-1482763,1789957
2019-07,27,Bourgogne-Franche-Comté,192858,338,-1333623,1526143
2019-07,28,Normandie,4792321,,2889235,1903086
2019-07,44,Grand-Est,6519093,42001,3178379,3298712
2019-07,75,Nouvelle-Aquitaine,4483421,,1238070,3245352
2019-09,32,Hauts-de-France,3769651,,214927,3554724
2019-09,52,Pays de la Loire,498740,,-1308963,1807703
2019-10,24,Centre-Val de Loire,5105480,,3671315,1434165
2019-10,52,Pays de la Loire,484633,,-1600045,2084678
2019-11,11,Ile-de-France,482383,,-6244419,6726802
2019-11,94,Corse,139294,,-51229,190523
2019-12,28,Normandie,3706902,,860926,2845976
2019-12,32,Hauts-de-France,5578549,,725195,4853354
2019-12,53,Bretagne,568091,5948,-1847953,2410095
2014-01,24,Centre-Val de Loire,8353338,,6318772,2034566
2014-01,28,Normandie,7972695,,5102701,2869994
2014-01,75,Nouvelle-Aquitaine,4689007,,187855,4501152
2014-02,53,Bretagne,347860,3910,-1816956,2160906
2014-02,84,Auvergne-Rhône-Alpes,11323398,369537,4940105,6013756
2014-02,93,Provence-Alpes-Côte d'Azur,1347697,2074,-2585849,3931472
2014-02,94,Corse,142374,,-66612,208986
2014-03,27,Bourgogne-Franche-Comté,217829,258,-1673459,1891030
2014-03,84,Auvergne-Rhône-Alpes,10828411,358531,4504774,5965106
2014-03,94,Corse,143728,,-67859,211587
2014-04,11,Ile-de-France,206599,,-5190317,5396916
2014-04,52,Pays de la Loire,494643,,-1604574,2099217
2014-05,24,Centre-Val de Loire,6405965,,5056559,1349406
2014-05,93,Provence-Alpes-Côte d'Azur,1424627,7682,-1531121,2948066
2014-06,32,Hauts-de-France,2472024,,-1197371,3669395
2014-07,24,Centre-Val de Loire,6305957,,5016056,1289901
2014-08,11,Ile-de-France,116791,,-4238212,4355003
2014-08,53,Bretagne,171074,4851,-1270997,1437220
2014-08,76,Occitanie,2165448,225364,-557241,2497325
2014-08,94,Corse,129663,,-53227,182890
2014-09,24,Centre-Val de Loire,4875498,,3579333,1296165
2014-09,53,Bretagne,135673,3686,-1344424,1476411
2014-09,75,Nouvelle-Aquitaine,3237218,,275837,2961381
2014-09,76,Occitanie,2290400,191530,-452279,2551149
2014-10,11,Ile-de-France,287618,,-5248051,5535669
2014-10,27,Bourgogne-Franche-Comté,108612,187,-1561139,1669564
2014-10,28,Normandie,6284031,,4133267,2150764
2014-10,32,Hauts-de-France,3759912,,-419361,4179273
2014-11,11,Ile-de-France,430685,,-5824717,6255402
2014-12,28,Normandie,7635371,,4708274,2927097
2014-12,53,Bretagne,311773,4553,-2011557,2318777
2014-12,75,Nouvelle-Aquitaine,4968309,,368279,4600030
2014-12,76,Occitanie,3007994,188878,-1128689,3947805
2015-01,11,Ile-de-France,602675,,-7758843,8361518
2015-01,28,Normandie,8002484,,4953831,3048653
2015-01,32,Hauts-de-France,5262065,,-211278,5473343
2015-01,53,Bretagne,353822,5057,-2113269,2462034
2015-01,75,Nouvelle-Aquitaine,4861200,,-91015,4952215
2015-01,84,Auvergne-Rhône-Alpes,12696010,323232,5249639,7123139
2015-01,93,Provence-Alpes-Côte d'Azur,1965982,6348,-2559848,4519482
2015-01,94,Corse,155569,,-84279,239848
2015-03,11,Ile-de-France,594537,,-6647921,7242458
2015-03,24,Centre-Val de Loire,8404865,,6544217,1860648
2015-03,44,Grand-Est,7453987,121729,3118987,4213271
2015-03,76,Occitanie,3664992,129718,84927,3450347
2015-03,93,Provence-Alpes-Côte d'Azur,1593235,1059,-2276167,3868343
2015-04,28,Normandie,6006269,,3821990,2184279
2015-04,32,Hauts-de-France,3220435,,-951165,4171600
2015-04,44,Grand-Est,6724766,124293,3002268,3598205
2015-04,53,Bretagne,200115,4722,-1517128,1712521
2015-04,84,Auvergne-Rhône-Alpes,10103668,380085,4439658,5283925
2015-05,32,Hauts-de-France,3268559,,-605540,3874099
2015-05,53,Bretagne,208082,4619,-1383551,1587014
2015-06,32,Hauts-de-France,3650683,,-33872,3684555
2015-06,44,Grand-Est,7879551,110024,4481951,3287576
2015-06,76,Occitanie,3002633,196050,285603,2520980
2015-08,27,Bourgogne-Franche-Comté,115220,4506,-1227777,1338491
2015-08,28,Normandie,4730887,,2966162,1764725
2015-09,11,Ile-de-France,111879,,-4845438,4957317
2015-09,28,Normandie,5042870,,3078086,1964784
2015-09,52,Pays de la Loire,495588,,-1346432,1842020
2015-09,53,Bretagne,187016,3978,-1316638,1499676
2015-09,75,Nouvelle-Aquitaine,4082821,,1111480,2971341
2015-10,53,Bretagne,194070,4475,-1566164,1755759
2015-11,76,Occitanie,2815519,159575,-458155,3114099
2015-11,93,Provence-Alpes-Côte d'Azur,1701150,1,-1842983,3544132
2015-12,32,Hauts-de-France,5290039,,651745,4638294
2015-12,44,Grand-Est,10730073,117913,6480104,4132056
2015-12,75,Nouvelle-Aquitaine,5059819,,886693,4173126
2015-12,84,Auvergne-Rhône-Alpes,10027194,453054,3304380,6269760
2016-01,75,Nouvelle-Aquitaine,5627810,,1117071,4510739
2016-02,94,Corse,148157,,-54838,202995
2016-02,93,Provence-Alpes-Côte d'Azur,1501650,1,-2364211,3865860
2016-03,84,Auvergne-Rhône-Alpes,10834273,297967,3895010,6641296
2016-03,32,Hauts-de-France,4953269,,49045,4904224
2016-04,32,Hauts-de-France,3473758,,-731840,4205598
2016-04,76,Occitanie,3463708,17377,541939,2904392
2016-05,76,Occitanie,2752984,211870,-71801,2612914
2016-06,44,Grand-Est,7615700,87450,4254813,3273437
2016-06,11,Ile-de-France,123752,,-4821893,4945645
2016-06,28,Normandie,5266461,,3344254,1922207
2016-06,76,Occitanie,2846388,184994,178488,2482905
2016-06,93,Provence-Alpes-Côte d'Azur,1659889,1,-1165063,2824952
2016-07,27,Bourgogne-Franche-Comté,135598,192,-1362313,1497719
2016-07,53,Bretagne,169258,5578,-1296652,1460333
2016-07,11,Ile-de-France,156844,,-4599792,4756636
2016-07,52,Pays de la Loire,153957,,-1693855,1847812
2016-08,32,Hauts-de-France,3252025,,-95796,3347822
2016-08,76,Occitanie,2755315,164234,-168291,2759372
2016-09,27,Bourgogne-Franche-Comté,144052,171,-1394131,1538012
2016-10,27,Bourgogne-Franche-Comté,176764,230,-1626633,1803167
2016-11,24,Centre-Val de Loire,6724549,,4939611,1784938
2016-12,84,Auvergne-Rhône-Alpes,9030575,309656,1590285,7130634
2016-12,53,Bretagne,328173,4823,-2063205,2386555
2016-12,94,Corse,142439,,-78396,220836
2016-12,44,Grand-Est,9737381,73855,4910884,4752642
2016-12,75,Nouvelle-Aquitaine,4537966,,-80984,4618949
2017-01,53,Bretagne,374078,4418,-2353915,2723574
2017-01,93,Provence-Alpes-Côte d'Azur,2665731,3224,-2058545,4721053
2017-02,27,Bourgogne-Franche-Comté,292388,205,-1696453,1988636
2017-02,44,Grand-Est,9601440,79531,5323249,4198661
2017-02,32,Hauts-de-France,4370284,,-248406,4618690
2017-02,11,Ile-de-France,477548,,-6191920,6669468
2017-02,75,Nouvelle-Aquitaine,3917730,,-65323,3983053
2017-02,76,Occitanie,3020683,211769,-624237,3433150
2017-03,76,Occitanie,3032085,222865,-464427,3273647
2017-04,53,Bretagne,192671,4338,-1495262,1683595
2017-05,28,Normandie,3923139,,1850724,2072415
2017-06,94,Corse,123753,,-40655,164408
2017-06,44,Grand-Est,8436687,74069,5044099,3318520
2017-06,76,Occitanie,2938942,156640,124015,2658288
2017-07,84,Auvergne-Rhône-Alpes,8735224,206460,3653445,4875320
2017-07,53,Bretagne,216443,5939,-1267490,1477994
2017-07,24,Centre-Val de Loire,4870283,,3578347,1291936
2017-07,94,Corse,143295,,-49125,192420
2017-08,94,Corse,151506,,-51997,203503
2017-08,11,Ile-de-France,124235,,-4218431,4342666
2017-09,27,Bourgogne-Franche-Comté,189635,3747,-1357383,1543271
2017-10,24,Centre-Val de Loire,4693649,,3295390,1398259
2017-11,53,Bretagne,333818,4672,-1775709,2104855
2017-11,75,Nouvelle-Aquitaine,5468278,,1294551,4173726
2017-12,84,Auvergne-Rhône-Alpes,9369882,375796,1767780,7226305
2017-12,27,Bourgogne-Franche-Comté,414291,2885,-1898240,2309645
2017-12,53,Bretagne,480152,5198,-1957909,2432864
2017-12,94,Corse,167125,,-87046,254171
2018-12,94,Corse,139915.818,0,-84212.632,224128.45
2018-12,32,Hauts-de-France,5993302.206,0,1078182.954,4915119.252
2018-01,27,Bourgogne-Franche-Comté,522010.934,553.959,-1640248.126,2161705.101
2018-01,28,Normandie,7198075.146,0,4294579.576,2903495.57
2018-01,75,Nouvelle-Aquitaine,6125138.582,0,1626175.241,4498963.341
2018-02,94,Corse,158449.299,0,-76170.052,234619.351
2018-03,24,Centre-Val de Loire,7579815.263,0,5653669.288,1926145.975
2018-03,11,Ile-de-France,501810.241,0,-6940563.622,7442373.863
2018-03,93,Provence-Alpes-Côte d'Azur,2158919.751,2090.355,-1885977.533,4042806.929
2018-04,84,Auvergne-Rhône-Alpes,9426630.062,410379.529,3873586.466,5142664.067
2018-04,75,Nouvelle-Aquitaine,4002847.352,0,733167.972,3269679.38
2018-04,76,Occitanie,3610079.173,180168.815,554585.876,2875324.482
2018-04,52,Pays de la Loire,389279.704,0,-1739846.508,2129126.212
2018-05,53,Bretagne,212125.861,4846.307,-1325171.388,1532450.942
2018-05,75,Nouvelle-Aquitaine,4050705.934,0,953787.719,3096918.215
2018-06,24,Centre-Val de Loire,5889738.946,0,4661310.283,1228428.663
2018-06,52,Pays de la Loire,241735.548,0,-1585856.5,1827592.048
2018-07,27,Bourgogne-Franche-Comté,148864.074,1885.699,-1384496.138,1531474.513
2018-07,53,Bretagne,195203.426,5441.915,-1300902.944,1490664.455
2018-07,24,Centre-Val de Loire,6352639.499,0,5047853.191,1304786.308
2018-07,44,Grand-Est,7335504.242,55632.443,3876613.039,3403258.76
2018-07,75,Nouvelle-Aquitaine,4527407.306,0,1300945.633,3226461.673
2018-08,84,Auvergne-Rhône-Alpes,8240367.797,269826.973,3401574.718,4568966.106
2018-08,94,Corse,148870.34,0,-57527.327,206397.667
2018-08,32,Hauts-de-France,3520400.954,0,162584.662,3357816.292
2018-08,11,Ile-de-France,141402.615,0,-4245825.197,4387227.812
2018-09,27,Bourgogne-Franche-Comté,233431.815,1895.523,-1252334.979,1483871.271
2018-09,75,Nouvelle-Aquitaine,4451821.396,0,1498714.143,2953107.253
2018-10,84,Auvergne-Rhône-Alpes,7871535.115,397037.856,2211322.524,5263174.735
2018-10,44,Grand-Est,9045590.177,79436.175,5152464.394,3813689.608
2018-11,24,Centre-Val de Loire,4886812.013,0,3132827.469,1753984.544
2018-11,94,Corse,131091.184,0,-47200.565,178291.749
2019-01,27,Bourgogne-Franche-Comté,379899,5626,-2036458,2410732
2019-01,28,Normandie,4824400,,1705065,3119335
2019-01,75,Nouvelle-Aquitaine,5644768,,532419,5112348
2019-01,93,Provence-Alpes-Côte d'Azur,2232017,4943,-2449129,4676203
2019-02,44,Grand-Est,9088621,41201,4898519,4148902
2019-02,53,Bretagne,431138,4719,-1700153,2126571
2019-02,93,Provence-Alpes-Côte d'Azur,1831192,4943,-1970953,3797203
2019-03,76,Occitanie,2712293,128142,-736647,3320798
2019-03,94,Corse,127293,,-68174,195467
2019-05,27,Bourgogne-Franche-Comté,274017,3574,-1394611,1665054
2019-05,44,Grand-Est,6902939,46946,3334879,3521114
2019-05,52,Pays de la Loire,413552,,-1551958,1965510
2019-05,84,Auvergne-Rhône-Alpes,9434912,337533,4051109,5046270
2019-06,11,Ile-de-France,117341,,-4627395,4744735
2019-06,27,Bourgogne-Franche-Comté,213582,350,-1259492,1472725
2019-06,75,Nouvelle-Aquitaine,4760338,,1813129,2947209
2019-07,32,Hauts-de-France,3752662,,142899,3609762
2019-07,52,Pays de la Loire,478490,,-1443311,1921801
2019-07,84,Auvergne-Rhône-Alpes,10263564,204872,5152199,4906493
2019-07,93,Provence-Alpes-Côte d'Azur,1554514,1697,-1769168,3321986
2019-08,11,Ile-de-France,139826,,-4053230,4193056
2019-08,44,Grand-Est,6783207,90661,3723107,2969439
2019-08,76,Occitanie,2568863,161849,-343101,2750114
2019-09,11,Ile-de-France,147043,,-4388084,4535127
2019-09,44,Grand-Est,7310602,81325,4039393,3189883
2019-09,94,Corse,111532,,-51038,162570
2019-11,24,Centre-Val de Loire,5470265,,3685487,1784778
2019-11,52,Pays de la Loire,883568,,-1732899,2616466
2019-12,11,Ile-de-France,424890,,-6772132,7197022
2019-12,27,Bourgogne-Franche-Comté,558216,1548,-1474040,2030708
2019-12,93,Provence-Alpes-Côte d'Azur,1957574,2256,-1974917,3930234
2019-12,94,Corse,153271,,-57756,211027
2014-01,27,Bourgogne-Franche-Comté,301105,242,-1857866,2158729
2014-01,44,Grand-Est,10126816,101085,5431323,4594408
2014-01,52,Pays de la Loire,563133,,-2312143,2875276
2014-01,53,Bretagne,345279,4794,-2050362,2390847
2014-02,28,Normandie,5807337,,3206458,2600879
2014-02,32,Hauts-de-France,4414721,,-278156,4692877
2014-02,75,Nouvelle-Aquitaine,4762480,,578006,4184474
2014-04,75,Nouvelle-Aquitaine,4667106,,1429668,3237438
2014-04,84,Auvergne-Rhône-Alpes,9143479,298104,3705419,5139956
2014-04,93,Provence-Alpes-Côte d'Azur,1442775,6208,-1627696,3064263
2014-05,11,Ile-de-France,179129,,-5100285,5279414
2014-05,28,Normandie,6679453,,4641719,2037734
2014-05,53,Bretagne,201188,4820,-1371367,1567735
2014-05,84,Auvergne-Rhône-Alpes,9448257,380923,4208842,4858492
2014-05,94,Corse,112574,,-25757,138331
2014-06,52,Pays de la Loire,309035,,-1500855,1809890
2014-06,75,Nouvelle-Aquitaine,4574381,,1644365,2930016
2014-07,53,Bretagne,163220,5122,-1343064,1501162
2014-07,76,Occitanie,2245968,196130,-535730,2585568
2014-07,93,Provence-Alpes-Côte d'Azur,1313515,8283,-1861813,3167045
2014-08,27,Bourgogne-Franche-Comté,142730,169,-1147904,1290465
2014-08,28,Normandie,6515171,,4721352,1793819
2014-08,32,Hauts-de-France,3188081,,-204926,3393007
2014-08,93,Provence-Alpes-Côte d'Azur,1088287,3218,-1959947,3045016
2014-09,94,Corse,111247,,-42276,153523
2014-10,24,Centre-Val de Loire,5793215,,4331232,1461983
2014-10,76,Occitanie,1692682,227022,-1083575,2549235
2014-10,93,Provence-Alpes-Côte d'Azur,1127160,54,-1869405,2996511
2014-11,24,Centre-Val de Loire,7382915,,5738003,1644912
2014-11,32,Hauts-de-France,4341185,,-173045,4514230
2014-12,11,Ile-de-France,600621,,-7246550,7847171
2014-12,44,Grand-Est,10865367,106148,6258493,4500726
2014-12,52,Pays de la Loire,725175,,-2109956,2835131
2015-01,24,Centre-Val de Loire,8787228,,6609497,2177731
2015-01,52,Pays de la Loire,957570,,-2093606,3051176
2015-02,11,Ile-de-France,687746,,-6891393,7579139
2015-02,24,Centre-Val de Loire,7988617,,5954224,2034393
2015-02,27,Bourgogne-Franche-Comté,290687,229,-1710008,2000466
2015-02,52,Pays de la Loire,986453,,-1870820,2857273
2015-02,75,Nouvelle-Aquitaine,4174574,,-399315,4573889
2015-03,52,Pays de la Loire,629161,,-2046566,2675727
2015-03,75,Nouvelle-Aquitaine,4432990,,219603,4213387
2015-06,11,Ile-de-France,104027,,-4785675,4889702
2015-06,27,Bourgogne-Franche-Comté,122241,2909,-1381863,1501195
2015-06,28,Normandie,4261812,,2365537,1896275
2015-06,52,Pays de la Loire,164336,,-1646173,1810509
2015-07,28,Normandie,5060963,,3165816,1895147
2015-07,53,Bretagne,183326,4811,-1330918,1509433
2015-08,53,Bretagne,180762,5094,-1283317,1458985
2015-08,75,Nouvelle-Aquitaine,3415291,,469409,2945882
2015-08,84,Auvergne-Rhône-Alpes,9715655,214791,4992034,4508830
2015-08,94,Corse,139326,,-51624,190950
2015-09,76,Occitanie,1662989,77068,-820520,2406441
2015-10,84,Auvergne-Rhône-Alpes,8797300,298359,2892618,5606323
2015-11,32,Hauts-de-France,4541847,,34997,4506850
2015-11,52,Pays de la Loire,592334,,-1665473,2257807
2015-11,53,Bretagne,339091,4793,-1510226,1844524
2015-11,94,Corse,109344,,-63976,173320
2016-01,84,Auvergne-Rhône-Alpes,11918330,466676,4538023,6913632
2016-01,24,Centre-Val de Loire,8835288,,6797681,2037607
2016-01,32,Hauts-de-France,5231774,,27783,5203991
2016-01,76,Occitanie,3268973,168290,-829090,3929772
2016-01,52,Pays de la Loire,880252,,-2001417,2881668
2016-02,27,Bourgogne-Franche-Comté,364083,713,-1709301,2072671
2016-03,11,Ile-de-France,442841,,-6814992,7257834
2016-03,52,Pays de la Loire,736649,,-2015442,2752091
2016-04,44,Grand-Est,8958897,77227,5071595,3810075
2016-05,53,Bretagne,185746,4811,-1381184,1562119
2016-05,28,Normandie,4533045,,2508957,2024089
2016-06,94,Corse,108271,,-43001,151272
2016-06,32,Hauts-de-France,3479055,,-218890,3697945
2016-06,52,Pays de la Loire,146757,,-1655929,1802686
2016-07,94,Corse,136580,,-48887,185466
2016-08,27,Bourgogne-Franche-Comté,116698,92,-1309331,1425937
2016-09,94,Corse,107448,,-52096,159544
2016-10,53,Bretagne,194421,4285,-1575189,1765325
2016-10,24,Centre-Val de Loire,6227340,,4726673,1500666
2016-10,28,Normandie,4055926,,1758301,2297625
2016-10,75,Nouvelle-Aquitaine,4209291,,800268,3409023
2016-10,52,Pays de la Loire,633547,,-1563974,2197521
2016-11,53,Bretagne,337427,4219,-1763936,2097143
2016-11,32,Hauts-de-France,3833343,,-930477,4763820
2016-11,52,Pays de la Loire,883605,,-1648602,2532207
2016-12,32,Hauts-de-France,4190465,,-956430,5146895
2016-12,76,Occitanie,3177330,137683,-939688,3979334
2016-12,52,Pays de la Loire,905293,,-2061948,2967240
2017-01,75,Nouvelle-Aquitaine,4736677,,-641581,5378258
2017-01,52,Pays de la Loire,1287796,,-2063452,3351248
2017-02,53,Bretagne,398081,4382,-1752745,2146444
2017-02,94,Corse,150081,,-50030,200111
2017-02,28,Normandie,5423957,,2797228,2626729
2017-03,94,Corse,134449,,-53906,188356
2017-03,52,Pays de la Loire,617378,,-1909446,2526824
2017-04,84,Auvergne-Rhône-Alpes,9236285,299271,3756840,5180174
2017-04,27,Bourgogne-Franche-Comté,176061,4962,-1510606,1681706
2017-04,44,Grand-Est,6914461,57965,3249208,3607288
2017-05,84,Auvergne-Rhône-Alpes,8595593,361315,3227582,5006696
2017-05,24,Centre-Val de Loire,6628803,,5305287,1323516
2017-05,76,Occitanie,3348029,214238,477417,2656374
2017-05,52,Pays de la Loire,580014,,-1394829,1974843
2017-05,93,Provence-Alpes-Côte d'Azur,1473974,6627,-1539883,3007231
2017-06,93,Provence-Alpes-Côte d'Azur,1506564,8897,-1530662,3028330
2017-07,44,Grand-Est,9412446,71343,6008445,3332658
2017-07,32,Hauts-de-France,3100397,,-495099,3595497
2017-08,53,Bretagne,193783,5358,-1268377,1456802
2017-08,24,Centre-Val de Loire,5405193,,4198968,1206225
2017-09,84,Auvergne-Rhône-Alpes,9830511,297915,4755581,4777015
2017-10,84,Auvergne-Rhône-Alpes,7221264,399593,1663135,5158536
2017-10,27,Bourgogne-Franche-Comté,208947,1032,-1535420,1743336
2017-10,11,Ile-de-France,170278,,-5281956,5452234
2017-10,52,Pays de la Loire,991479,,-1056119,2047598
2017-11,84,Auvergne-Rhône-Alpes,6629064,344186,-46456,6331335
2017-11,27,Bourgogne-Franche-Comté,306320,261,-1780993,2087051
2017-12,28,Normandie,7090974,,4124046,2966928
2017-12,52,Pays de la Loire,970717,,-1954934,2925651
2018-12,27,Bourgogne-Franche-Comté,419746.7,4223.623,-1674079.014,2089602.091
2018-12,24,Centre-Val de Loire,7255371.368,0,5276074.559,1979296.809
2018-12,44,Grand-Est,11218239.81,44150.413,6814404.248,4359685.149
2018-12,75,Nouvelle-Aquitaine,5538300.901,0,1243196.766,4295104.135
2018-01,84,Auvergne-Rhône-Alpes,11944089.95,451971.853,4732249.954,6759868.146
2018-01,53,Bretagne,538633.981,5277.219,-1839500.086,2372856.848
2018-01,11,Ile-de-France,409359.803,0,-6652745.906,7062105.709
2018-01,52,Pays de la Loire,650373.748,0,-2163110.795,2813484.543
2018-02,53,Bretagne,444912.47,3194.759,-1981173.653,2422891.364
2018-02,24,Centre-Val de Loire,7206074.504,0,5109027.778,2097046.726
2018-02,11,Ile-de-France,462346.05,0,-7231869.983,7694216.033
2018-02,76,Occitanie,3892446.027,164220.314,-432497.495,4160723.208
2018-02,52,Pays de la Loire,1005661.543,0,-1957086.538,2962748.081
2018-03,28,Normandie,5655632.048,0,2761470.954,2894161.094
2018-03,75,Nouvelle-Aquitaine,5132570.815,0,742687.704,4389883.111
2018-04,32,Hauts-de-France,3504764.87,0,-342263.173,3847028.043
2018-04,11,Ile-de-France,122555.744,0,-5175367.391,5297923.135
2018-04,28,Normandie,5443010.184,0,3252865.969,2190144.215
2018-05,24,Centre-Val de Loire,6976238.988,0,5704132.071,1272106.917
2018-05,52,Pays de la Loire,257217.207,0,-1657876.191,1915093.398
2018-06,53,Bretagne,188857.215,4833.48,-1260926.888,1444950.623
2018-06,32,Hauts-de-France,3062081.066,0,-471348.665,3533429.731
2018-07,94,Corse,137366.779,0,-58906.562,196273.341
2018-08,44,Grand-Est,5166614.367,48138.519,2018925.64,3099550.208
2018-08,52,Pays de la Loire,536264.343,0,-1246544.227,1782808.57
2018-09,84,Auvergne-Rhône-Alpes,7985611.955,377581.639,2943762.143,4664268.173
2018-10,53,Bretagne,245526.68,4750.463,-1505127.302,1745903.519
2018-10,94,Corse,104329.663,0,-46333.361,150663.024
2018-10,11,Ile-de-France,136978.89,0,-5398032.774,5535011.664
2018-10,28,Normandie,5399534.896,0,3148061.843,2251473.053
2018-10,75,Nouvelle-Aquitaine,4040529.523,0,724732.555,3315796.968
2018-10,52,Pays de la Loire,753776.845,0,-1353127.945,2106904.79
2018-11,84,Auvergne-Rhône-Alpes,8138901.131,418370.89,1772215.226,5948315.015
2018-11,53,Bretagne,408888.574,4692.672,-1734871.218,2139067.12
2018-11,76,Occitanie,3286830.814,195044.276,-307569.412,3399355.95
2018-11,93,Provence-Alpes-Côte d'Azur,2017469.223,34.296,-1407072.656,3424507.583
2019-01,44,Grand-Est,11263215,48053,6298178,4916985
2019-01,52,Pays de la Loire,737600,,-2381196,3118797
2019-02,94,Corse,142421,,-77691,220112
2019-03,44,Grand-Est,9373594,53330,5203442,4116821
2019-03,52,Pays de la Loire,560426,,-1970528,2530954
2019-04,11,Ile-de-France,111418,,-5376309,5487727
2019-04,28,Normandie,5579471,,3312141,2267329
2019-04,44,Grand-Est,7868014,42559,4182825,3642631
2019-04,52,Pays de la Loire,383012,,-1810551,2193563
2019-04,75,Nouvelle-Aquitaine,4601100,,1168053,3433047
2019-04,93,Provence-Alpes-Côte d'Azur,1306617,3385,-1945433,3248666
2019-05,93,Provence-Alpes-Côte d'Azur,1587776,489,-1382137,2969424
2019-06,24,Centre-Val de Loire,5740305,,4502691,1237615
2019-06,28,Normandie,5484122,,3607967,1876155
2019-06,44,Grand-Est,6289347,44911,3044536,3199900
2019-06,53,Bretagne,205573,6621,-1281818,1480769
2019-06,94,Corse,109674,,-57187,166861
2019-08,28,Normandie,3973039,,2205467,1767573
2019-08,32,Hauts-de-France,3592869,,306221,3286647
2019-08,53,Bretagne,228347,6143,-1244715,1466918
2019-08,75,Nouvelle-Aquitaine,3558938,,535536,3023402
2019-08,93,Provence-Alpes-Côte d'Azur,1235764,6798,-1963068,3192034
2019-09,27,Bourgogne-Franche-Comté,265286,5219,-1214408,1474475
2019-09,75,Nouvelle-Aquitaine,4321247,,1385953,2935294
2019-09,93,Provence-Alpes-Côte d'Azur,1184471,7231,-1677786,2855025
2019-10,32,Hauts-de-France,3927012,,-195808,4122820
2019-10,53,Bretagne,290594,4944,-1498976,1784626
2019-11,44,Grand-Est,10949892,84858,6610207,4254828
2019-11,53,Bretagne,467410,4990,-1748995,2211415
2019-12,84,Auvergne-Rhône-Alpes,11260580,423972,4526239,6310369
2014-01,32,Hauts-de-France,5111013,,-128421,5239434
2014-01,84,Auvergne-Rhône-Alpes,13001620,449639,5858328,6693653
2014-02,11,Ile-de-France,307449,,-6442396,6749845
2014-02,44,Grand-Est,9473671,103863,5196101,4173707
2014-03,24,Centre-Val de Loire,7392888,,5656373,1736515
2014-03,32,Hauts-de-France,3908033,,-700720,4608753
2014-03,44,Grand-Est,8666555,98094,4493408,4075053
2014-03,52,Pays de la Loire,661531,,-1833995,2495526
2014-03,93,Provence-Alpes-Côte d'Azur,1471254,4214,-2227912,3694952
2014-04,24,Centre-Val de Loire,6551899,,5065217,1486682
2014-04,27,Bourgogne-Franche-Comté,102673,235,-1518715,1621153
2014-04,53,Bretagne,182942,2198,-1565477,1746221
2014-04,76,Occitanie,3220313,94660,461464,2664189
2014-05,44,Grand-Est,7280624,93254,3739623,3447747
2014-05,75,Nouvelle-Aquitaine,4223001,,1122663,3100338
2014-06,27,Bourgogne-Franche-Comté,92718,156,-1353926,1446488
2014-06,53,Bretagne,168869,4892,-1264127,1428104
2014-06,76,Occitanie,2192757,242337,-534074,2484494
2014-07,94,Corse,121603,,-52027,173630
2014-08,44,Grand-Est,8625440,110119,5562369,2952952
2014-08,52,Pays de la Loire,198222,,-1495462,1693684
2014-08,75,Nouvelle-Aquitaine,2682983,,-210058,2893041
2014-08,84,Auvergne-Rhône-Alpes,9052736,305235,4447849,4299652
2014-09,11,Ile-de-France,214707,,-4659468,4874175
2014-09,44,Grand-Est,8938007,95455,5497035,3345517
2014-09,93,Provence-Alpes-Côte d'Azur,950768,82,-1972160,2922846
2014-10,52,Pays de la Loire,426313,,-1561648,1987961
2014-10,53,Bretagne,204645,4343,-1443011,1643313
2014-10,94,Corse,96131,,-52815,148946
2014-11,75,Nouvelle-Aquitaine,4133513,,540761,3592752
2014-11,93,Provence-Alpes-Côte d'Azur,1523627,5937,-1912760,3430450
2014-11,94,Corse,108260,,-54577,162837
2014-12,27,Bourgogne-Franche-Comté,216466,247,-1827632,2043851
2014-12,94,Corse,137674,,-34476,172150
2015-01,27,Bourgogne-Franche-Comté,312367,211,-1825779,2137935
2015-02,44,Grand-Est,9031246,97311,4528067,4405868
2015-02,53,Bretagne,322941,4164,-2024127,2342904
2015-02,76,Occitanie,3460864,113760,-600652,3947756
2015-02,93,Provence-Alpes-Côte d'Azur,1906848,2295,-2317634,4222187
2015-03,32,Hauts-de-France,4694887,,-234839,4929726
2015-03,53,Bretagne,340395,4777,-1888521,2224139
2015-04,11,Ile-de-France,149334,,-5391507,5540841
2015-05,24,Centre-Val de Loire,5743699,,4434958,1308741
2015-05,27,Bourgogne-Franche-Comté,196296,212,-1295066,1491150
2015-05,28,Normandie,5169790,,3118828,2050962
2015-05,76,Occitanie,3283606,220656,609499,2453451
2015-06,24,Centre-Val de Loire,6515723,,5166626,1349097
2015-06,53,Bretagne,196631,5178,-1280318,1471771
2015-06,93,Provence-Alpes-Côte d'Azur,1236140,1,-1636724,2872863
2015-07,24,Centre-Val de Loire,5727958,,4363455,1364503
2015-07,32,Hauts-de-France,3879013,,233640,3645373
2015-07,76,Occitanie,2727366,176356,-311046,2862056
2015-07,84,Auvergne-Rhône-Alpes,9703590,229407,4350154,5124029
2015-08,24,Centre-Val de Loire,5885809,,4673344,1212465
2015-08,32,Hauts-de-France,2967670,,-351060,3318730
2015-08,93,Provence-Alpes-Côte d'Azur,877747,1,-2297454,3175200
2015-09,24,Centre-Val de Loire,6810137,,5517232,1292905
2015-09,32,Hauts-de-France,3371292,,-441946,3813238
2015-10,27,Bourgogne-Franche-Comté,132183,3307,-1666743,1795619
2015-10,44,Grand-Est,9288136,107579,5268147,3912410
2015-10,52,Pays de la Loire,701988,,-1474011,2175999
2015-10,76,Occitanie,2719614,43328,-124743,2801029
2015-10,93,Provence-Alpes-Côte d'Azur,1823442,1,-1404674,3228115
2015-11,44,Grand-Est,10320614,93594,6194831,4032189
2015-12,76,Occitanie,2744932,179758,-1001268,3566442
2016-01,53,Bretagne,421357,4811,-1972092,2388638
2016-01,94,Corse,154555,,-76839,231394
2016-02,53,Bretagne,393845,3459,-1843316,2233702
2016-02,75,Nouvelle-Aquitaine,4833321,,592607,4240715
2016-03,94,Corse,152920,,-58478,211399
2016-03,44,Grand-Est,9692610,90004,5124362,4478244
2016-03,75,Nouvelle-Aquitaine,4790423,,485555,4304868
2016-03,93,Provence-Alpes-Côte d'Azur,1745504,1,-2143803,3889305
2016-04,27,Bourgogne-Franche-Comté,209056,260,-1525741,1734536
2016-04,53,Bretagne,211051,3914,-1711160,1918297
2016-04,24,Centre-Val de Loire,6143537,,4605783,1537754
2016-04,94,Corse,115457,,-42374,157831
2016-05,11,Ile-de-France,140291,,-5131953,5272244
2016-07,24,Centre-Val de Loire,4592417,,3352090,1240327
2016-07,93,Provence-Alpes-Côte d'Azur,1476248,1,-1700262,3176509
2016-08,24,Centre-Val de Loire,5118798,,3931276,1187521
2016-08,11,Ile-de-France,123845,,-4326094,4449939
2016-08,28,Normandie,4737035,,2874949,1862086
2016-08,75,Nouvelle-Aquitaine,3834494,,712805,3121689
2016-08,52,Pays de la Loire,155346,,-1637022,1792368
2016-09,53,Bretagne,166420,3662,-1302224,1464981
2016-09,44,Grand-Est,8805632,99847,5356955,3348830
2016-09,32,Hauts-de-France,3389334,,-256409,3645743
2016-09,11,Ile-de-France,164446,,-4656530,4820976
2016-10,84,Auvergne-Rhône-Alpes,7712785,377177,1860293,5475315
2016-10,44,Grand-Est,8366589,119118,4350757,3896713
2016-11,94,Corse,117602,,-61596,179198
2016-12,11,Ile-de-France,621828,,-7283968,7905796
2016-12,93,Provence-Alpes-Côte d'Azur,2515081,97,-1607773,4122758
2017-01,84,Auvergne-Rhône-Alpes,11027904,297337,2716438,8014129
2017-01,27,Bourgogne-Franche-Comté,306035,2437,-2303355,2606953
2017-01,94,Corse,176978,,-89236,266214
2017-01,44,Grand-Est,11174570,82848,5784233,5307489
2017-02,52,Pays de la Loire,1026304,,-1550336,2576640
2017-02,93,Provence-Alpes-Côte d'Azur,1660274,4702,-1904255,3559827
2017-03,11,Ile-de-France,425161,,-6022625,6447786
2017-04,94,Corse,114231,,-47926,162157
2017-04,11,Ile-de-France,125475,,-5346542,5472018
2017-04,28,Normandie,4701673,,2474396,2227277
2017-04,93,Provence-Alpes-Côte d'Azur,1370744,5501,-1645855,3011099
2017-05,53,Bretagne,221241,5620,-1341330,1556950
2017-06,24,Centre-Val de Loire,5199233,,3916232,1283001
2017-06,11,Ile-de-France,146516,,-4678444,4824960
2017-06,75,Nouvelle-Aquitaine,3287573,,287889,2999684
2017-07,27,Bourgogne-Franche-Comté,163631,4403,-1377343,1536571
2017-07,11,Ile-de-France,153877,,-4539672,4693549
2017-07,28,Normandie,4412880,,2482700,1930179
2017-07,75,Nouvelle-Aquitaine,3618599,,492066,3126533
2017-07,52,Pays de la Loire,599444,,-1278709,1878153
2017-08,84,Auvergne-Rhône-Alpes,9093434,246383,4331463,4515589
2017-08,27,Bourgogne-Franche-Comté,137551,5041,-1241280,1373790
2017-08,44,Grand-Est,7202897,81546,4099049,3022302
2017-08,32,Hauts-de-France,3773015,,397341,3375674
2017-08,75,Nouvelle-Aquitaine,3496230,,428981,3067249
2017-09,53,Bretagne,215390,5057,-1319471,1529805
2017-09,28,Normandie,4199788,,2228150,1971638
2017-10,94,Corse,102452,,-46276,148728
2017-10,44,Grand-Est,8083926,72288,4200536,3811103
2017-10,75,Nouvelle-Aquitaine,5224079,,1988174,3235905
2017-10,76,Occitanie,2759167,191981,-134646,2701831
2017-11,24,Centre-Val de Loire,5756827,,3960636,1796192
2017-11,94,Corse,124609,,-68485,193094
2017-11,11,Ile-de-France,573717,,-6166520,6740236
2017-11,76,Occitanie,3054756,168162,-728518,3615112
2017-11,52,Pays de la Loire,1134123,,-1425168,2559292
2017-12,32,Hauts-de-France,5515368,,184228,5331140
2018-01,94,Corse,150172.053,0,-69622.985,219795.038
2018-01,32,Hauts-de-France,5716309.375,0,237715.785,5478593.59
2018-01,76,Occitanie,3893002.344,227163.746,-303573.547,3969412.145
2018-02,84,Auvergne-Rhône-Alpes,10539523.93,251613.659,3383500.259,6904410.007
2018-02,27,Bourgogne-Franche-Comté,394261.7,1153.465,-1833436.182,2226544.417
2018-02,44,Grand-Est,9829873.322,60224.5,5185138.913,4584509.909
2018-02,32,Hauts-de-France,5514086.831,0,469195.382,5044891.449
2018-02,28,Normandie,6446237.249,0,3495093.169,2951144.08
2018-02,93,Provence-Alpes-Côte d'Azur,2361492.042,1989.405,-1831250.15,4190752.787
2018-03,94,Corse,180179.794,0,-50145.332,230325.126
2018-03,44,Grand-Est,9652722.531,79846.63,4991033.031,4581842.87
2018-04,27,Bourgogne-Franche-Comté,259825.763,5501.02,-1365266.203,1619590.946
2018-04,94,Corse,148359.667,0,-18569.934,166929.601
2018-04,93,Provence-Alpes-Côte d'Azur,1575302.452,1030.918,-1498436.09,3072707.624
2018-05,84,Auvergne-Rhône-Alpes,10117369.27,352186.122,4879065.737,4886117.415
2018-05,44,Grand-Est,8337326.467,67324.594,4897360.17,3372641.703
2018-05,11,Ile-de-France,130667.479,0,-4877478.371,5008145.85
2018-05,28,Normandie,4248566.89,0,2302856.686,1945710.204
2018-06,84,Auvergne-Rhône-Alpes,9857909.579,264541.375,4873528.889,4719839.315
2018-06,27,Bourgogne-Franche-Comté,206152.482,2202.487,-1286872.192,1490822.187
2018-06,75,Nouvelle-Aquitaine,3847913.847,0,939154.163,2908759.684
2018-06,93,Provence-Alpes-Côte d'Azur,1641690.679,1447.997,-1202757.37,2843000.052
2018-07,11,Ile-de-France,148363.752,0,-4753158.562,4901522.314
2018-08,75,Nouvelle-Aquitaine,4347737.906,0,1212266.507,3135471.399
2018-09,53,Bretagne,224468.606,4757.162,-1238678.637,1458390.081
2018-09,24,Centre-Val de Loire,5815247.184,0,4591832.469,1223414.715
2018-09,44,Grand-Est,7260551.64,52050.246,3910739.231,3297762.163
2018-09,32,Hauts-de-France,2823263.45,0,-818653.023,3641916.473
2018-09,28,Normandie,5835984.803,0,3913414.724,1922570.079
2018-10,27,Bourgogne-Franche-Comté,230303.242,413.462,-1479916.244,1709806.024
2018-10,32,Hauts-de-France,4486846.631,0,339787.402,4147059.229
2018-10,76,Occitanie,3021567.625,205557.604,6439.463,2809570.558
2018-11,27,Bourgogne-Franche-Comté,286713.041,517.517,-1685562.475,1971757.999
2018-11,52,Pays de la Loire,637385.743,0,-1929873.688,2567259.431
2019-01,76,Occitanie,3460100,144606,-1354848,4670341
2019-02,27,Bourgogne-Franche-Comté,391827,5478,-1628587,2014936
2019-02,84,Auvergne-Rhône-Alpes,10919300,259205,4439676,6220419
2019-03,24,Centre-Val de Loire,7714719,,5925990,1788729
2019-03,32,Hauts-de-France,5357808,,695318,4662490
2019-04,27,Bourgogne-Franche-Comté,295148,6330,-1433458,1722275
2019-04,32,Hauts-de-France,3907295,,-126021,4033316
2019-04,84,Auvergne-Rhône-Alpes,8261216,297483,2685427,5278306
2019-05,11,Ile-de-France,123794,,-5142958,5266752
2019-05,28,Normandie,5998868,,3882976,2115892
2019-05,75,Nouvelle-Aquitaine,5071367,,1847140,3224227
2019-06,93,Provence-Alpes-Côte d'Azur,1523790,72,-1400098,2923815
2019-07,53,Bretagne,224881,6795,-1306192,1524278
2019-07,76,Occitanie,2536952,140001,-577539,2974490
2019-08,24,Centre-Val de Loire,5698400,,4452408,1245992
2019-08,94,Corse,144227,,-58414,202641
2019-09,24,Centre-Val de Loire,5284558,,4008695,1275863
2019-09,28,Normandie,3499163,,1645814,1853350
2019-10,27,Bourgogne-Franche-Comté,329632,4838,-1360992,1685786
2019-10,28,Normandie,2707835,,529913,2177922
2019-10,44,Grand-Est,10347185,72433,6528742,3746010
2019-10,75,Nouvelle-Aquitaine,4812718,,1591297,3221421
2019-10,84,Auvergne-Rhône-Alpes,9619321,383199,4306636,4929486
2019-10,93,Provence-Alpes-Côte d'Azur,1361085,3008,-1557866,2915943
2019-10,94,Corse,93612,,-53755,147367
2019-11,32,Hauts-de-France,4597154,,-39243,4636397
2019-11,84,Auvergne-Rhône-Alpes,9404365,360977,3200910,5842478
2019-11,93,Provence-Alpes-Côte d'Azur,2172211,34,-1513543,3685720
2019-12,24,Centre-Val de Loire,5764743,,3827515,1937228
2019-12,75,Nouvelle-Aquitaine,5327513,,955344,4372169
2019-12,76,Occitanie,3898328,194835,-2573,3706067
